"row","author","year","title","journal","volume","issue","page","doi","excluded","exclusion","sample_size","dog_type","sex","neutered_status","tasks","dias","correlate_a-1","correlate_b-1","effectsize_type-1","effectsize_value-1","n-1","reported_significant-1","correlate_a-2","correlate_b-2","effectsize_type-2","effectsize_value-2","n-2","reported_significant-2","correlate_a-3","correlate_b-3","effectsize_type-3","effectsize_value-3","n-3","reported_significant-3","correlate_a-4","correlate_b-4","effectsize_type-4","effectsize_value-4","n-4","reported_significant-4","correlate_a-5","correlate_b-5","effectsize_type-5","effectsize_value-5","n-5","reported_significant-5","correlate_a-6","correlate_b-6","effectsize_type-6","effectsize_value-6","n-6","reported_significant-6","correlate_a-7","correlate_b-7","effectsize_type-7","effectsize_value-7","n-7","reported_significant-7","correlate_a-8","correlate_b-8","effectsize_type-8","effectsize_value-8","n-8","reported_significant-8","correlate_a-9","correlate_b-9","effectsize_type-9","effectsize_value-9","n-9","reported_significant-9","correlate_a-10","correlate_b-10","effectsize_type-10","effectsize_value-10","n-10","reported_significant-10","correlate_a-11","correlate_b-11","effectsize_type-11","effectsize_value-11","n-11","reported_significant-11","correlate_a-12","correlate_b-12","effectsize_type-12","effectsize_value-12","n-12","reported_significant-12","correlate_a-13","correlate_b-13","effectsize_type-13","effectsize_value-13","n-13","reported_significant-13","correlate_a-14","correlate_b-14","effectsize_type-14","effectsize_value-14","n-14","reported_significant-14","correlate_a-15","correlate_b-15","effectsize_type-15","effectsize_value-15","n-15","reported_significant-15","correlate_a-16","correlate_b-16","effectsize_type-16","effectsize_value-16","n-16","reported_significant-16","correlate_a-17","correlate_b-17","effectsize_type-17","effectsize_value-17","n-17","reported_significant-17"
9216,"Fernand, Jonathan K.; Amanieh, Haleh; Cox, David J.; Dorey, Nicole R.",2018,"Any reward will do: Effects of a reverse-reward contingency on size preference with pet dogs (Canis lupus familiaris).","Learning & Behavior",46,4,472,"10.3758/s13420-018-0343-0",2,2,,,,,,,,,,,,,,,,,,,,,,,,,,,,,,,,,,,,,,,,,,,,,,,,,,,,,,,,,,,,,,,,,,,,,,,,,,,,,,,,,,,,,,,,,,,,,,,,,,,,,,,,,,,,
5229,"Foraita, Maike; Howell, Tiffani; Bennett, Pauleen",2022,"Development of the dog executive function scale (defs) for adult dogs.","Animal Cognition","NA","NA","NA","10.1007/s10071-022-01629-1",2,2,,,,,,,,,,,,,,,,,,,,,,,,,,,,,,,,,,,,,,,,,,,,,,,,,,,,,,,,,,,,,,,,,,,,,,,,,,,,,,,,,,,,,,,,,,,,,,,,,,,,,,,,,,,,
2576,"Vernouillet, AlizÃ©e A. A.; Stiles, Laura R.; Andrew McCausland, J.; Kelly, Debbie M.",2018,"Individual performance across motoric self-regulation tasks are not correlated for pet dogs.","Learning & Behavior",46,4,522,"10.3758/s13420-018-0354-x",0,0,30,"pet","13:17","N/A","a-not-b barrier, a-not-b bucket, cylinder, detour-fence","No","a-not-b barrier (# of trials before success)","a-not-b bucket (# of trials before success)","spearman's correlation",0.18,21,"No","a-not-b barrier (# of trials before success)","cylinder (# of trials before success)","spearman's correlation",0.21,21,"No","a-not-b barrier (# of trials before success)","detour-fence (# of trials before success)","spearman's correlation",0.11,21,"No","a-not-b bucket (# of trials before success)","cylinder (# of trials before success)","spearman's correlation",-0.15,21,"No","a-not-b bucket (# of trials before success)","detour-fence (# of trials before success)","spearman's correlation",-0.06,21,"No","cylinder (# of trials before success)","detour-fence (# of trials before success)","spearman's correlation",-0.09,21,"No",,,,,,,,,,,,,,,,,,,,,,,,,,,,,,,,,,,,,,,,,,,,,,,,,,,,,,,,,,,,,,,,,,
7306,"Junttila S., Huohvanainen S., Tiira K.",2021,"Effect of sex and reproductive status on inhibitory control and social cognition in the domestic dog (Canis familiaris)","Animals",11,8,"NA","10.3390/ani11082448",2,2,,,,,,,,,,,,,,,,,,,,,,,,,,,,,,,,,,,,,,,,,,,,,,,,,,,,,,,,,,,,,,,,,,,,,,,,,,,,,,,,,,,,,,,,,,,,,,,,,,,,,,,,,,,,
219,"Cooke, Barbara J.; Farrington, David P.",2014,"Perceived effects of dog-training programmes in correctional settings.","Journal Of Forensic Practice",16,3,171,"10.1108/JFP-08-2013-0041",2,2,,,,,,,,,,,,,,,,,,,,,,,,,,,,,,,,,,,,,,,,,,,,,,,,,,,,,,,,,,,,,,,,,,,,,,,,,,,,,,,,,,,,,,,,,,,,,,,,,,,,,,,,,,,,
937,"Mazumdar, Debasis; Mitra, Soma; Ghosh, Kuntal; Bhaumik, Kamales",2016,"A DOG filter model of the occurrence of Mach bands on spatial contrast discontinuities.","Biological Cybernetics",110,44595,229,"10.1007/s00422-016-0683-9",2,2,,,,,,,,,,,,,,,,,,,,,,,,,,,,,,,,,,,,,,,,,,,,,,,,,,,,,,,,,,,,,,,,,,,,,,,,,,,,,,,,,,,,,,,,,,,,,,,,,,,,,,,,,,,,
1113,"Nguyen, Lydia T.; Mudar, Raksha A.; Chiang, Hsueh-Sheng; Schneider, Julie M.; Maguire, Mandy J.; Kraut, Michael A.; Hart, John Jr.",2017,"Theta and alpha alterations in amnestic mild cognitive impairment in semantic Go/NoGo tasks.","Frontiers In Aging Neuroscience",9,"MAY","NA","10.3389/fnagi.2017.00160",2,2,,,,,,,,,,,,,,,,,,,,,,,,,,,,,,,,,,,,,,,,,,,,,,,,,,,,,,,,,,,,,,,,,,,,,,,,,,,,,,,,,,,,,,,,,,,,,,,,,,,,,,,,,,,,
4233,"Bray, Emily E.; Gruen, Margaret E.; Gnanadesikan, Gitanjali E.; Horschler, Daniel J.; Levy, Kerinne M.; Kennedy, Brenda S.; Hare, Brian A.; MacLean, Evan L.",2020,"Cognitive characteristics of 8- to 10-week-old assistance dog puppies.","Animal Behaviour",166,"NA",193,"10.1016/j.anbehav.2020.05.019",2,2,,,,,,,,,,,,,,,,,,,,,,,,,,,,,,,,,,,,,,,,,,,,,,,,,,,,,,,,,,,,,,,,,,,,,,,,,,,,,,,,,,,,,,,,,,,,,,,,,,,,,,,,,,,,
3002,"Brucks, DÃ©sirÃ©e; Marshall-Pescini, Sarah; Range, Friederike",2019,"Dogs and wolves do not differ in their inhibitory control abilities in a non-social test battery.","Animal Cognition",22,1,1,"10.1007/s10071-018-1216-9",0,0,17,"captive","10:7","N/A","box, buzzer, middle cup","No","box (freq. of errors) ","buzzer (proximity to box)","spearman's correlation",0.37,16,"No","box (freq. of errors) ","middle cup (ratio correct choices in control/experimental)","spearman's correlation",-0.17,16,"No","buzzer (proximity to box)","middle cup (ratio correct choices in control/experimental)","spearman's correlation",-0.08,16,"No",,,,,,,,,,,,,,,,,,,,,,,,,,,,,,,,,,,,,,,,,,,,,,,,,,,,,,,,,,,,,,,,,,,,,,,,,,,,,,,,,,,,
361,"Salomons H., Smith K.C.M., Callahan-Beckel M., Callahan M., Levy K., Kennedy B.S., Bray E.E., Gnanadesikan G.E., Horschler D.J., Gruen M., Tan J., White P., vonHoldt B.M., MacLean E.L., Hare B.",2021,"Cooperative Communication with Humans Evolved to Emerge Early in Domestic Dogs","Current Biology",31,14,3137,"10.1016/j.cub.2021.06.051",2,2,,,,,,,,,,,,,,,,,,,,,,,,,,,,,,,,,,,,,,,,,,,,,,,,,,,,,,,,,,,,,,,,,,,,,,,,,,,,,,,,,,,,,,,,,,,,,,,,,,,,,,,,,,,,
2624,"Cook, Peter F.; Spivak, Mark; Berns, Gregory",2016,"Neurobehavioral evidence for individual differences in canine cognitive control: An awake fMRI study.","Animal Cognition",19,5,867,"10.1007/s10071-016-0983-4",2,2,,,,,,,,,,,,,,,,,,,,,,,,,,,,,,,,,,,,,,,,,,,,,,,,,,,,,,,,,,,,,,,,,,,,,,,,,,,,,,,,,,,,,,,,,,,,,,,,,,,,,,,,,,,,
2904,"Tiira, Katriina; Tikkanen, Antti; Vainio, Outi",2020,"Inhibitory controlâ€”Important trait for explosive detection performance in police dogs?","Applied Animal Behaviour Science",224,"NA","NA","10.1016/j.applanim.2020.104942",3,3,,,,,,,,,,,,,,,,,,,,,,,,,,,,,,,,,,,,,,,,,,,,,,,,,,,,,,,,,,,,,,,,,,,,,,,,,,,,,,,,,,,,,,,,,,,,,,,,,,,,,,,,,,,,
9738,"Foraita, Maike; Howell, Tiffani; Bennett, Pauleen",2021,"Working memory and inhibition in 7.5-week-old Seeing Eye Dog puppies.","Applied Animal Behaviour Science",241,"NA","NA","10.1016/j.applanim.2021.105394",2,2,,,,,,,,,,,,,,,,,,,,,,,,,,,,,,,,,,,,,,,,,,,,,,,,,,,,,,,,,,,,,,,,,,,,,,,,,,,,,,,,,,,,,,,,,,,,,,,,,,,,,,,,,,,,
482,"Kelly, Debbie M.; Adolphe, Jennifer L.; Vernouillet, AlizÃ©e; McCausland, J. Andrew; Rankovic, Alexandra; Verbrugghe, Adronie",2019,"Motoric self-regulation by sled dogs and pet dogs and the acute effect of carbohydrate source in sled dogs.","Animal Cognition",22,6,931,"10.1007/s10071-019-01285-y",0,0,15,"working (sled, Husky lineages)","8:7","11:4","a-not-b barrier, a-not-b bucket, cylinder","No","a-not-b barrier (# of trials before success)","a-not-b bucket (# of trials before success)","spearman's correlation",0.6,"12-13","Yes","a-not-b barrier (# of trials before success)","cylinder (# of trials before success)","spearman's correlation",-0.1,"11-13","No","a-not-b bucket (# of trials before success)","cylinder (# of trials before success)","spearman's correlation",-0.45,"12-13","No",,,,,,,,,,,,,,,,,,,,,,,,,,,,,,,,,,,,,,,,,,,,,,,,,,,,,,,,,,,,,,,,,,,,,,,,,,,,,,,,,,,,
2376,"OstojiÄ‡, Ljerka; Clayton, Nicola S.",2014,"Behavioural coordination of dogs in a cooperative problem-solving task with a conspecific and a human partner.","Animal Cognition",17,2,445,"10.1007/s10071-013-0676-1",2,2,,,,,,,,,,,,,,,,,,,,,,,,,,,,,,,,,,,,,,,,,,,,,,,,,,,,,,,,,,,,,,,,,,,,,,,,,,,,,,,,,,,,,,,,,,,,,,,,,,,,,,,,,,,,
8383,"Olsen, Mariana Rachel",2019,"Does increased task difficulty reveal individual differences in executive function in the domestic dog?","Dissertation Abstracts International: Section B: The Sciences And Engineering",80,"5-B(E)","NA","NA",0,0,"15 (Exp. 1)","pet","9:6","15:0","a-not-b cup, cylinder, sit-stay","Yes","a-not-b cup (perseveration)","cylinder (accuracy)","spearman's correlation",0.27,15,"No","a-not-b cup (perseveration)","cylinder (perseveration)","spearman's correlation",0.01,15,"No","a-not-b cup (perseveration)","sit-stay (breaks)","spearman's correlation",0.28,15,"No","a-not-b cup (perseveration)","sit-stay (break interval)","spearman's correlation",-0.39,15,"No","a-not-b cup (perseveration)","sit-stay (first break)","spearman's correlation",-0.15,15,"No","cylinder (accuracy)","sit-stay (breaks)","spearman's correlation",0.39,15,"No","cylinder (accuracy)","sit-stay (break interval)","spearman's correlation",-0.52,15,"Yes","cylinder (accuracy)","sit-stay (first break)","spearman's correlation",-0.54,15,"Yes","cylinder (perseveration)","sit-stay (breaks)","spearman's correlation",-0.5,15,"No","cylinder (perseveration)","sit-stay (break interval)","spearman's correlation",0.44,15,"No","cylinder (perseveration)","sit-stay (first break)","spearman's correlation",0.61,15,"Yes","a-not-b cup (perseveration)","DIAS","spearman's correlation",0.61,15,"Yes","cylinder (accuracy)","DIAS","spearman's correlation",0.23,15,"No","cylinder (perseveration)","DIAS","spearman's correlation",-0.21,15,"No","sit-stay (breaks)","DIAS","spearman's correlation",0.48,15,"No","sit-stay (break interval)","DIAS","spearman's correlation",-0.14,15,"No","sit-stay (first break)","DIAS","spearman's correlation",-0.1,15,"No"
8383,"Olsen, Mariana Rachel",2019,"Does increased task difficulty reveal individual differences in executive function in the domestic dog?","Dissertation Abstracts International: Section B: The Sciences And Engineering",80,"5-B(E)","NA","NA",0,0,"34 (Exp. 2)","pet","15:18","28:5","a-not-b cup, cylinder","Yes","a-not-b cup (perseveration)","cylinder (accuracy)","spearman's correlation",-0.25,34,"No","a-not-b cup (perseveration)","cylinder (perseveration)","spearman's correlation",-0.08,34,"No","a-not-b cup (perseveration)","DIAS","spearman'scorrelation",0.4,34,"No","cylinder (accuracy)","DIAS","spearman's correlation",0.01,34,"No","cylinder (perseveration)","DIAS","spearman's correlation",0.05,34,"No",,,,,,,,,,,,,,,,,,,,,,,,,,,,,,,,,,,,,,,,,,,,,,,,,,,,,,,,,,,,,,,,,,,,,,,,
3722,"Brucks D., Marshall-Pescini S., Wallis L.J., Huber L., Range F.",2017,"Measures of dogs' inhibitory control abilities do not correlate across tasks","Frontiers In Psychology",8,"MAY","NA","10.3389/fpsyg.2017.00849",2,0,67,"pet","34:33","40:27","box, buzzer, delay of gratification, middle cup","Yes","box (freq. of errors) ","buzzer (proximity to box)","spearman's correlation",0.14,57,"No","box (freq. of errors) ","delay of gratification (max. delay tolerated)","spearman's correlation",0.15,57,"No","box (freq. of errors) ","middle cup (ratio correct choices in control/experimental)","spearman's correlation",0.02,57,"No","buzzer (proximity to box)","delay of gratification (max. delay tolerated)","spearman's correlation",0.28,57,"No","buzzer (proximity to box)","middle cup (ratio correct choices in control/experimental)","spearman's correlation",-0.12,57,"No","delay of gratification (max. delay tolerated)","middle cup (ratio correct choices in control/experimental)","spearman's correlation",0.07,57,"No","box (freq. of errors) ","DIAS","spearman's correlation",0.15,57,"No","buzzer (proximity to box)","DIAS","spearman's correlation",-0.1,57,"No","delay of gratification (max. delay tolerated)","DIAS","spearman's correlation",-0.39,57,"Yes","middle cup (ratio correct choices in control/experimental)","DIAS","spearman's correlation",-0.01,57,"No",,,,,,,,,,,,,,,,,,,,,,,,,,,,,,,,,,,,,,,,,,
5124,"Marshall-Pescini S., VirÃ¡nyi Z., Range F.",2015,"The effect of domestication on inhibitory control: Wolves and dogs compared","Plos One",10,2,"NA","10.1371/journal.pone.0118469",0,0,14,"captive","7:7","N/A","cylinder, detour-fence","No","cylinder (success)","detour-fence (duration)","spearman's correlation",0.15,11,"No","cylinder (success)","detour-fence (latency)","spearman's correlation",0.13,11,"No",,,,,,,,,,,,,,,,,,,,,,,,,,,,,,,,,,,,,,,,,,,,,,,,,,,,,,,,,,,,,,,,,,,,,,,,,,,,,,,,,,,,,,,,,,
4961,"Van Bourg, Joshua; Gunter, Lisa M.; Wynne, Clive D. L.",2021,"A rapid serial reversal learning assessment for age-related cognitive deficits in pet dogs.","Behavioural Processes",186,"NA","NA","10.1016/j.beproc.2021.104375",2,2,,,,,,,,,,,,,,,,,,,,,,,,,,,,,,,,,,,,,,,,,,,,,,,,,,,,,,,,,,,,,,,,,,,,,,,,,,,,,,,,,,,,,,,,,,,,,,,,,,,,,,,,,,,,
813,"Tapp, P. Dwight; Siwak, Christina T.; Estrada, Jimena; Head, Elizabeth; Muggenburg, Bruce A.; Cotman, Carl W.; Milgram, Norton W.",2003,"Size and reversal learning in the beagle dog as a measure of executive function and inhibitory control in aging.","Learning & Memory",10,1,64,"10.1101/lm.54403",2,2,,,,,,,,,,,,,,,,,,,,,,,,,,,,,,,,,,,,,,,,,,,,,,,,,,,,,,,,,,,,,,,,,,,,,,,,,,,,,,,,,,,,,,,,,,,,,,,,,,,,,,,,,,,,
1680,"MÃ¼ller, Corsin A.; Riemer, Stefanie; VirÃ¡nyi, ZsÃ³fia; Huber, Ludwig; Range, Friederike",2016,"Inhibitory control, but not prolonged object-related experience appears to affect physical problem-solving performance of pet dogs.","Plos One",11,2,"NA","10.1371/journal.pone.0147753",0,0,41,"pet (border collie)","6:25","N/A","leash, middle cup, wait-for-treat","No","leash (performance score)","middle cup (performance score)","spearman's correlation",0.23,"35-36","No","leash (performance score)","wait-for-treat (performance score)","spearman's correlation",0.45,"34-36","Yes","middle cup (performance score)","wait-for-treat (performance score)","spearman's correlation",0.33,"38-39","Yes",,,,,,,,,,,,,,,,,,,,,,,,,,,,,,,,,,,,,,,,,,,,,,,,,,,,,,,,,,,,,,,,,,,,,,,,,,,,,,,,,,,,
581,"Range, Friederike; Brucks, DÃ©sirÃ©e; VirÃ¡nyi, ZsÃ³fia",2020,"Dogs wait longer for better rewards than wolves in a delay of gratification task: But why?","Animal Cognition",23,3,443,"10.1007/s10071-020-01346-7",2,2,,,,,,,,,,,,,,,,,,,,,,,,,,,,,,,,,,,,,,,,,,,,,,,,,,,,,,,,,,,,,,,,,,,,,,,,,,,,,,,,,,,,,,,,,,,,,,,,,,,,,,,,,,,,
6976,"Mongillo P., Scandurra A., Eatherington C.J., Dâ€™aniello B., Marinelli L.",2019,"Development of a spatial discount task to measure impulsive choices in dogs","Animals",9,7,"NA","10.3390/ani9070469",0,0,48,"pet","24:24","24:24","spatial impulsivity","Yes","spatial impulsivity (% of choices of S+ in test phase)","DIAS","pearson's correlation",0.01,48,"No",,,,,,,,,,,,,,,,,,,,,,,,,,,,,,,,,,,,,,,,,,,,,,,,,,,,,,,,,,,,,,,,,,,,,,,,,,,,,,,,,,,,,,,,,,,,,,,,
6901,"Miller, Holly C.; Bender, Charlotte",2012,"The breakfast effect: Dogs (Canis familiaris) search more accurately when they are less hungry.","Behavioural Processes",91,3,313,"10.1016/j.beproc.2012.09.012",2,2,,,,,,,,,,,,,,,,,,,,,,,,,,,,,,,,,,,,,,,,,,,,,,,,,,,,,,,,,,,,,,,,,,,,,,,,,,,,,,,,,,,,,,,,,,,,,,,,,,,,,,,,,,,,
97,"Brucks D., Soliani M., Range F., Marshall-Pescini S.",2017,"Reward type and behavioural patterns predict dogs' success in a delay of gratification paradigm","Scientific Reports",7,"NA","NA","10.1038/srep42459",3,3,,,,,,,,,,,,,,,,,,,,,,,,,,,,,,,,,,,,,,,,,,,,,,,,,,,,,,,,,,,,,,,,,,,,,,,,,,,,,,,,,,,,,,,,,,,,,,,,,,,,,,,,,,,,
9361,"Kundey, Shannon M. A.; De Los Reyes, Andres; Taglang, Chelsea; Allen, Rebecca; Molina, Sabrina; Royer, Erica; German, Rebecca",2010,"Domesticated dogs (Canis familiaris) react to what others can and cannot hear.","Applied Animal Behaviour Science",126,44563,45,"10.1016/j.applanim.2010.06.002",2,2,,,,,,,,,,,,,,,,,,,,,,,,,,,,,,,,,,,,,,,,,,,,,,,,,,,,,,,,,,,,,,,,,,,,,,,,,,,,,,,,,,,,,,,,,,,,,,,,,,,,,,,,,,,,
9276,"Fadel F.R., Driscoll P., Pilot M., Wright H., Zulch H., Mills D.",2016,"Differences in Trait Impulsivity Indicate Diversification of Dog Breeds into Working and Show Lines","Scientific Reports",6,"NA","NA","10.1038/srep22162",2,2,,,,,,,,,,,,,,,,,,,,,,,,,,,,,,,,,,,,,,,,,,,,,,,,,,,,,,,,,,,,,,,,,,,,,,,,,,,,,,,,,,,,,,,,,,,,,,,,,,,,,,,,,,,,
2142,"Kubinyi E., Gosling S.D., MiklÃ³si Ã.",2015,"A comparison of rating and coding behavioural traits in dogs","Acta Biologica Hungarica",66,1,27,"10.1556/ABiol.66.2015.1.3",2,2,,,,,,,,,,,,,,,,,,,,,,,,,,,,,,,,,,,,,,,,,,,,,,,,,,,,,,,,,,,,,,,,,,,,,,,,,,,,,,,,,,,,,,,,,,,,,,,,,,,,,,,,,,,,
56,"Riemer, Stefanie; Mills, Daniel S.; Wright, Hannah",2014,"Impulsive for life? The nature of long-term impulsivity in domestic dogs.","Animal Cognition",17,3,815,"10.1007/s10071-013-0701-4",3,3,,,,,,,,,,,,,,,,,,,,,,,,,,,,,,,,,,,,,,,,,,,,,,,,,,,,,,,,,,,,,,,,,,,,,,,,,,,,,,,,,,,,,,,,,,,,,,,,,,,,,,,,,,,,
9347,"Brady, Karen; Cracknell, Nina; Zulch, Helen; Mills, Daniel S.",2018,"Factors associated with long-term success in working police dogs.","Applied Animal Behaviour Science",207,"NA",67,"10.1016/j.applanim.2018.07.003",2,2,,,,,,,,,,,,,,,,,,,,,,,,,,,,,,,,,,,,,,,,,,,,,,,,,,,,,,,,,,,,,,,,,,,,,,,,,,,,,,,,,,,,,,,,,,,,,,,,,,,,,,,,,,,,
857,"Lit, Lisa; Schweitzer, Julie B.; Iosif, Ana-Maria; Oberbauer, Anita M.",2010,"Owner reports of attention, activity, and impulsivity in dogs: A replication study.","Behavioral And Brain Functions",6,"NA","NA","10.1186/1744-9081-6-1",2,2,,,,,,,,,,,,,,,,,,,,,,,,,,,,,,,,,,,,,,,,,,,,,,,,,,,,,,,,,,,,,,,,,,,,,,,,,,,,,,,,,,,,,,,,,,,,,,,,,,,,,,,,,,,,
3974,"Fagnani, J.; Barrera, G.; Carballo, F.; Bentosela, M.",2016,"Is previous experience important for inhibitory control? A comparison between shelter and pet dogs in A-not-B and cylinder tasks.","Animal Cognition",19,6,1165,"10.1007/s10071-016-1024-z",0,0,14,"pet","5:9","N/A","a-not-b cup, cylinder","No","a-not-b cup (freq. of errors)","cylinder (freq. of errors)","spearman's correlation",0.408,13,"No","a-not-b cup (trials before correct)","cylinder (trials before correct)","spearman's correlation",-0.134,13,"No",,,,,,,,,,,,,,,,,,,,,,,,,,,,,,,,,,,,,,,,,,,,,,,,,,,,,,,,,,,,,,,,,,,,,,,,,,,,,,,,,,,,,,,,,,
3974,"Fagnani, J.; Barrera, G.; Carballo, F.; Bentosela, M.",2016,"Is previous experience important for inhibitory control? A comparison between shelter and pet dogs in A-not-B and cylinder tasks.","Animal Cognition",19,6,1165,"10.1007/s10071-016-1024-z",0,0,13,"shelter","8:5","N/A","a-not-b cup, cylinder","No","a-not-b cup (freq. of errors)","cylinder (freq. of errors)","spearman's correlation",-0.219,11,"No","a-not-b cup (trials before correct)","cylinder (trials before correct)","spearman's correlation",-0.043,11,"No",,,,,,,,,,,,,,,,,,,,,,,,,,,,,,,,,,,,,,,,,,,,,,,,,,,,,,,,,,,,,,,,,,,,,,,,,,,,,,,,,,,,,,,,,,
8626,"Wobber, Victoria; Hareb, Brian",2009,"Testing the social dog hypothesis: Are dogs also more skilled than chimpanzees in non-communicative social tasks?","Behavioural Processes",81,3,423,"10.1016/j.beproc.2009.04.003",2,2,,,,,,,,,,,,,,,,,,,,,,,,,,,,,,,,,,,,,,,,,,,,,,,,,,,,,,,,,,,,,,,,,,,,,,,,,,,,,,,,,,,,,,,,,,,,,,,,,,,,,,,,,,,,
2326,"Fagnani, J.; Barrera, G.; Carballo, F.; Bentosela, M.",2016,"Tolerance to delayed reward tasks in social and non-social contexts.","Behavioural Processes",130,"NA",19,"10.1016/j.beproc.2016.06.011",0,0,22,"pet","9:13","N/A","delayed discounting","Yes","delayed discounting (max. delay reached in seconds)","DIAS","spearman's correlation",0.121,19,"No",,,,,,,,,,,,,,,,,,,,,,,,,,,,,,,,,,,,,,,,,,,,,,,,,,,,,,,,,,,,,,,,,,,,,,,,,,,,,,,,,,,,,,,,,,,,,,,,
1727,"Bunford, NÃ³ra; Csibra, Barbara; PetÃ¡k, Csenge; Ferdinandy, Bence; MiklÃ³si, ÃdÃ¡m; GÃ¡csi, MÃ¡rta",2019,"Associations among behavioral inhibition and owner-rated attention, hyperactivity/impulsivity, and personality in the domestic dog (Canis familiaris).","Journal Of Comparative Psychology",133,2,233,"10.1037/com0000151",2,2,,,,,,,,,,,,,,,,,,,,,,,,,,,,,,,,,,,,,,,,,,,,,,,,,,,,,,,,,,,,,,,,,,,,,,,,,,,,,,,,,,,,,,,,,,,,,,,,,,,,,,,,,,,,
4592,"Brady, Karen; Hewison, Lynn; Wright, Hannah; Zulch, Helen; Cracknell, Nina; Mills, Daniel",2018,"A spatial discounting test to assess impulsivity in dogs.","Applied Animal Behaviour Science",202,"NA",77,"10.1016/j.applanim.2018.01.003",0,0,24,"pet","14:10","N/A","spatial impulsivity","Yes","spatial impulsivity (max. distance travelled)","DIAS","pearson's correlation",-0.46,23,"Yes",,,,,,,,,,,,,,,,,,,,,,,,,,,,,,,,,,,,,,,,,,,,,,,,,,,,,,,,,,,,,,,,,,,,,,,,,,,,,,,,,,,,,,,,,,,,,,,,
4592,"Brady, Karen; Hewison, Lynn; Wright, Hannah; Zulch, Helen; Cracknell, Nina; Mills, Daniel",2018,"A spatial discounting test to assess impulsivity in dogs.","Applied Animal Behaviour Science",202,"NA",77,"10.1016/j.applanim.2018.01.003",0,0,13,"pet","8:5","N/A","spatial impulsivity","Yes","spatial impulsivity (max. distance travelled)","DIAS","pearson's correlation",-0.61,13,"Yes",,,,,,,,,,,,,,,,,,,,,,,,,,,,,,,,,,,,,,,,,,,,,,,,,,,,,,,,,,,,,,,,,,,,,,,,,,,,,,,,,,,,,,,,,,,,,,,,
4592,"Brady, Karen; Hewison, Lynn; Wright, Hannah; Zulch, Helen; Cracknell, Nina; Mills, Daniel",2018,"A spatial discounting test to assess impulsivity in dogs.","Applied Animal Behaviour Science",202,"NA",77,"10.1016/j.applanim.2018.01.003",0,0,23,"pet","11:12","N/A","spatial impulsivity","Yes","spatial impulsivity (max. distance travelled)","DIAS","pearson's correlation",-0.053,23,"No",,,,,,,,,,,,,,,,,,,,,,,,,,,,,,,,,,,,,,,,,,,,,,,,,,,,,,,,,,,,,,,,,,,,,,,,,,,,,,,,,,,,,,,,,,,,,,,,
169,"Brucks, DÃ©sirÃ©e; Marshall-Pescini, Sarah; Wallis, Lisa Jessica; Huber, Ludwig; Range, Friederike",2017,"Measures of dogsâ€™ inhibitory control abilities do not correlate across tasks.","Frontiers In Psychology",8,"NA","NA","NA",4,4,,,,,,,,,,,,,,,,,,,,,,,,,,,,,,,,,,,,,,,,,,,,,,,,,,,,,,,,,,,,,,,,,,,,,,,,,,,,,,,,,,,,,,,,,,,,,,,,,,,,,,,,,,,,
7425,"Brucks D., Range F., Marshall-Pescini S.",2017,"Dogs' reaction to inequity is affected by inhibitory control","Scientific Reports",7,1,"NA","10.1038/s41598-017-16087-w",2,2,,,,,,,,,,,,,,,,,,,,,,,,,,,,,,,,,,,,,,,,,,,,,,,,,,,,,,,,,,,,,,,,,,,,,,,,,,,,,,,,,,,,,,,,,,,,,,,,,,,,,,,,,,,,
2148,"Leonardi, Rebecca J.; Vick, Sarah-Jane; Dufour, ValÃ©rie",2012,"Waiting for more: The performance of domestic dogs (Canis familiaris) on exchange tasks.","Animal Cognition",15,1,107,"10.1007/s10071-011-0437-y",2,2,,,,,,,,,,,,,,,,,,,,,,,,,,,,,,,,,,,,,,,,,,,,,,,,,,,,,,,,,,,,,,,,,,,,,,,,,,,,,,,,,,,,,,,,,,,,,,,,,,,,,,,,,,,,
5844,"Gobbo E., Zupan Å emrov M.",2022,"Dogs Exhibiting High Levels of Aggressive Reactivity Show Impaired Self-Control Abilities","Frontiers In Veterinary Science",9,"NA","NA","10.3389/fvets.2022.869068",2,2,,,,,,,,,,,,,,,,,,,,,,,,,,,,,,,,,,,,,,,,,,,,,,,,,,,,,,,,,,,,,,,,,,,,,,,,,,,,,,,,,,,,,,,,,,,,,,,,,,,,,,,,,,,,
2185,"Peremans K., Audenaert K., Coopman F., Blanckaert P., Jacobs F., Otte A., Verschooten F., Van Bree H., Van Heeringen K., Mertens J., Slegers G., Dierckx R.",2003,"Estimates of regional cerebral blood flow and 5-HT2A receptor density in impulsive, aggressive dogs with 99mTc-ECD and 123I-5-I-R91150","European Journal Of Nuclear Medicine And Molecular Imaging",30,11,1538,"10.1007/s00259-003-1250-x",2,2,,,,,,,,,,,,,,,,,,,,,,,,,,,,,,,,,,,,,,,,,,,,,,,,,,,,,,,,,,,,,,,,,,,,,,,,,,,,,,,,,,,,,,,,,,,,,,,,,,,,,,,,,,,,
1470,"Chilingaryan L.I., Preobrazhenskaya L.A.",2006,"Features of differential inhibition in choice between alimentary and defensive response","Zhurnal Vysshei Nervnoi Deyatelnosti Imeni I.p. Pavlova",56,5,629,"NA",2,2,,,,,,,,,,,,,,,,,,,,,,,,,,,,,,,,,,,,,,,,,,,,,,,,,,,,,,,,,,,,,,,,,,,,,,,,,,,,,,,,,,,,,,,,,,,,,,,,,,,,,,,,,,,,
4266,"Piotti, Patrizia; Satchell, Liam Paul; Lockhart, Tom Steven",2018,"Impulsivity and behaviour problems in dogs: A Reinforcement Sensitivity Theory perspective.","Behavioural Processes",151,"NA",104,"10.1016/j.beproc.2018.03.012",2,2,,,,,,,,,,,,,,,,,,,,,,,,,,,,,,,,,,,,,,,,,,,,,,,,,,,,,,,,,,,,,,,,,,,,,,,,,,,,,,,,,,,,,,,,,,,,,,,,,,,,,,,,,,,,
4367,"Bray, Emily E.; MacLean, Evan L.; Hare, Brian A.",2015,"Increasing arousal enhances inhibitory control in calm but not excitable dogs.","Animal Cognition",18,6,1317,"10.1007/s10071-015-0901-1",2,2,,,,,,,,,,,,,,,,,,,,,,,,,,,,,,,,,,,,,,,,,,,,,,,,,,,,,,,,,,,,,,,,,,,,,,,,,,,,,,,,,,,,,,,,,,,,,,,,,,,,,,,,,,,,
9595,"Bray, Emily E.; Gruen, Margaret E.; Gnanadesikan, Gitanjali E.; Horschler, Daniel J.; Levy, Kerinne M.; Kennedy, Brenda S.; Hare, Brian A.; MacLean, Evan L.",2021,"Dog cognitive development: A longitudinal study across the first 2 years of life.","Animal Cognition",24,2,311,"10.1007/s10071-020-01443-7",2,2,,,,,,,,,,,,,,,,,,,,,,,,,,,,,,,,,,,,,,,,,,,,,,,,,,,,,,,,,,,,,,,,,,,,,,,,,,,,,,,,,,,,,,,,,,,,,,,,,,,,,,,,,,,,
9644,"Tapp, Philip Dwight",2004,"Inhibitory control, concept abstraction, and maintenance and manipulation processes: Executive dysfunction and frontal lobe cortical atrophy in a canine model of aging.","Dissertation Abstracts International: Section B: The Sciences And Engineering",64,"10-B",5270,"NA",2,2,,,,,,,,,,,,,,,,,,,,,,,,,,,,,,,,,,,,,,,,,,,,,,,,,,,,,,,,,,,,,,,,,,,,,,,,,,,,,,,,,,,,,,,,,,,,,,,,,,,,,,,,,,,,
2200,"Chilingaryan, LI; Preobrazhenskaya, LA",2006,"Features of differential inhibition in choice between alimentary and defensive response","Zhurnal Vysshei Nervnoi Deyatelnosti Imeni I P Pavlova",56,5,629,"NA",2,2,,,,,,,,,,,,,,,,,,,,,,,,,,,,,,,,,,,,,,,,,,,,,,,,,,,,,,,,,,,,,,,,,,,,,,,,,,,,,,,,,,,,,,,,,,,,,,,,,,,,,,,,,,,,
21,"Van Bourg, Joshua; Gilchrist, Rachel; Wynne, Clive D. L.",2021,"Adaptive spatial working memory assessments for aging pet dogs.","Animal Cognition",24,3,511,"10.1007/s10071-020-01447-3",2,2,,,,,,,,,,,,,,,,,,,,,,,,,,,,,,,,,,,,,,,,,,,,,,,,,,,,,,,,,,,,,,,,,,,,,,,,,,,,,,,,,,,,,,,,,,,,,,,,,,,,,,,,,,,,
601,"Wright, Hannah F.; Mills, Daniel S.; Pollux, Petra M. J.",2012,"Behavioural and physiological correlates of impulsivity in the domestic dog (Canis familiaris).","Physiology & Behavior",105,3,676,"10.1016/j.physbeh.2011.09.019",0,0,41,"pet","17:24","30:11","delayed discounting","Yes","delayed discounting (max delay reached)","DIAS","pearson's correlation",-0.646,22,"Yes","delayed discounting (Prate)","DIAS","pearson's correlation",-0.447,22,"Yes",,,,,,,,,,,,,,,,,,,,,,,,,,,,,,,,,,,,,,,,,,,,,,,,,,,,,,,,,,,,,,,,,,,,,,,,,,,,,,,,,,,,,,,,,,
1945,"Peremans K., Vermeire S., Waelbers T., Vandermeulen E., Dobbeleir A., de Spiegeleer B., Audenaert K.",2014,"Brain SPECT in the impulsive aggressive dog","Pet And Spect In Psychiatry","NA","NA",621,"10.1007/978-3-642-40384-2_26",1,1,,,,,,,,,,,,,,,,,,,,,,,,,,,,,,,,,,,,,,,,,,,,,,,,,,,,,,,,,,,,,,,,,,,,,,,,,,,,,,,,,,,,,,,,,,,,,,,,,,,,,,,,,,,,
8019,"Miller, Holly C.; Pattison, Kristina F.; DeWall, C. Nathan; Rayburn-Reeves, Rebecca; Zentall, Thomas R.",2010,"Self-control without a 'self '? Common self-control processes in humans and dogs.","Psychological Science",21,4,534,"10.1177/0956797610364968",2,2,,,,,,,,,,,,,,,,,,,,,,,,,,,,,,,,,,,,,,,,,,,,,,,,,,,,,,,,,,,,,,,,,,,,,,,,,,,,,,,,,,,,,,,,,,,,,,,,,,,,,,,,,,,,
8355,"Cavalli, Camila MarÃ­a; Carballo, Fabricio; Dzik, Marina Victoria; Underwood, Susana; Bentosela, Mariana",2018,"Are animal-assisted activity dogs different from pet dogs? A comparison of their sociocognitive abilities.","Journal Of Veterinary Behavior: Clinical Applications And Research",23,"NA",76,"10.1016/j.jveb.2017.12.001",3,3,,,,,,,,,,,,,,,,,,,,,,,,,,,,,,,,,,,,,,,,,,,,,,,,,,,,,,,,,,,,,,,,,,,,,,,,,,,,,,,,,,,,,,,,,,,,,,,,,,,,,,,,,,,,
4893,"Neilands P., Kingsley-Smith O., Taylor A.H.",2021,"Dogsâ€™ insensitivity to scaffolding behaviour in an A-not-B task provides support for the theory of natural pedagogy","Scientific Reports",11,1,"NA","10.1038/s41598-020-79557-8",2,2,,,,,,,,,,,,,,,,,,,,,,,,,,,,,,,,,,,,,,,,,,,,,,,,,,,,,,,,,,,,,,,,,,,,,,,,,,,,,,,,,,,,,,,,,,,,,,,,,,,,,,,,,,,,
103,"Suva L.J., Cooper A., Watts A.E., Ebetino F.H., Price J., Gaddy D.",2021,"Bisphosphonates in veterinary medicine: The new horizon for use","Bone",142,"NA","NA","10.1016/j.bone.2020.115711",1,1,,,,,,,,,,,,,,,,,,,,,,,,,,,,,,,,,,,,,,,,,,,,,,,,,,,,,,,,,,,,,,,,,,,,,,,,,,,,,,,,,,,,,,,,,,,,,,,,,,,,,,,,,,,,
5308,"Salonen M., Mikkola S., Hakanen E., Sulkama S., Puurunen J., Lohi H.",2022,"Personality traits associate with behavioral problems in pet dogs","Translational Psychiatry",12,1,"NA","10.1038/s41398-022-01841-0",2,2,,,,,,,,,,,,,,,,,,,,,,,,,,,,,,,,,,,,,,,,,,,,,,,,,,,,,,,,,,,,,,,,,,,,,,,,,,,,,,,,,,,,,,,,,,,,,,,,,,,,,,,,,,,,
999,"Barrera, Gabriela; Alterisio, Alessandra; Scandurra, Anna; Bentosela, Mariana; D'Aniello, Biagio",2019,"Training improves inhibitory control in water rescue dogs.","Animal Cognition",22,1,127,"10.1007/s10071-018-1224-9",2,2,,,,,,,,,,,,,,,,,,,,,,,,,,,,,,,,,,,,,,,,,,,,,,,,,,,,,,,,,,,,,,,,,,,,,,,,,,,,,,,,,,,,,,,,,,,,,,,,,,,,,,,,,,,,
2776,"Kis, Anna; TopÃ¡l, JÃ³zsef; GÃ¡csi, MÃ¡rta; Range, Friederike; Huber, Ludwig; MiklÃ³si, ÃdÃ¡m; VirÃ¡nyi, ZsÃ³fia",2012,"Does the A-not-B error in adult pet dogs indicate sensitivity to human communication?","Animal Cognition",15,4,737,"10.1007/s10071-012-0481-2",2,2,,,,,,,,,,,,,,,,,,,,,,,,,,,,,,,,,,,,,,,,,,,,,,,,,,,,,,,,,,,,,,,,,,,,,,,,,,,,,,,,,,,,,,,,,,,,,,,,,,,,,,,,,,,,
959,"Sulkama S., Puurunen J., Salonen M., Mikkola S., Hakanen E., Araujo C., Lohi H.",2021,"Canine hyperactivity, impulsivity, and inattention share similar demographic risk factors and behavioural comorbidities with human ADHD","Translational Psychiatry",11,1,"NA","10.1038/s41398-021-01626-x",2,2,,,,,,,,,,,,,,,,,,,,,,,,,,,,,,,,,,,,,,,,,,,,,,,,,,,,,,,,,,,,,,,,,,,,,,,,,,,,,,,,,,,,,,,,,,,,,,,,,,,,,,,,,,,,
3761,"Lazarowski, Lucia; Krichbaum, Sarah; Waggoner, L. Paul; Katz, Jeffrey S.",2020,"The development of problem-solving abilities in a population of candidate detection dogs (Canis familiaris).","Animal Cognition",23,4,755,"10.1007/s10071-020-01387-y",3,3,,,,,,,,,,,,,,,,,,,,,,,,,,,,,,,,,,,,,,,,,,,,,,,,,,,,,,,,,,,,,,,,,,,,,,,,,,,,,,,,,,,,,,,,,,,,,,,,,,,,,,,,,,,,
5722,"Bray, Emily E.; MacLean, Evan L.; Hare, Brian A.",2014,"Context specificity of inhibitory control in dogs.","Animal Cognition",17,1,15,"10.1007/s10071-013-0633-z",0,0,30,"pet","15:15","N/A","a-not-b bucket, cylinder, social inhibition","No","a-not-b bucket (1st location searched)","cylinder (success)","spearman's correlation",0.111,30,"No","a-not-b bucket (1st location searched)","social inhibition (difference score)","spearman's correlation",0.035,30,"No","cylinder (success)","social inhibition (difference score)","spearman's correlation",-0.056,30,"No",,,,,,,,,,,,,,,,,,,,,,,,,,,,,,,,,,,,,,,,,,,,,,,,,,,,,,,,,,,,,,,,,,,,,,,,,,,,,,,,,,,,
